Name	OUT
2060878.NCBI|MBQ7991543.1	Outgroup
2060878.NCBI|MBQ9328767.1	Outgroup
2049044.NCBI|MBE6129443.1	Outgroup
2060878.NCBI|MBR3348903.1	Outgroup
2049044.NCBI|MBE6108946.1	Outgroup
877415.JNJQ01000034_gene1143	Outgroup
2060878.NCBI|MBQ9046551.1	Outgroup
2060878.NCBI|MBQ1322115.1	Outgroup
2049044.NCBI|HCK88731.1	Outgroup
2049044.NCBI|MBR0420305.1	Outgroup
2060878.NCBI|MBR4163224.1	Outgroup
2049044.NCBI|MBE6123810.1	Outgroup
2049044.NCBI|MBR3227078.1	Outgroup
2060878.NCBI|MBR3364542.1	Outgroup
2049044.NCBI|MBQ6335446.1	Outgroup
2049044.NCBI|MBR3251338.1	Outgroup
2049044.NCBI|MBQ6478659.1	Outgroup
2049044.NCBI|MBQ2583110.1	Outgroup
2049044.NCBI|MBQ1286937.1	Outgroup
2049044.NCBI|MBR6233145.1	Outgroup
2049044.NCBI|MBQ1477731.1	Outgroup
2049044.NCBI|MBQ1757470.1	Outgroup
2049044.NCBI|MBR5755259.1	Outgroup
2049044.NCBI|MBR0138033.1	Outgroup
2049044.NCBI|MBQ4253389.1	Outgroup
2049044.NCBI|MBQ6654051.1	Outgroup
2049044.NCBI|MBO4218169.1	Outgroup
128827.NCBI|WP_105303227.1	Outgroup
2049044.NCBI|MBQ6559612.1	Outgroup
2049044.NCBI|MBR2802679.1	Outgroup
665941.NCBI|EHM91249.1	Outgroup
445974.CLORAM_01978	Outgroup
915173.NCBI|WP_183375390.1	Outgroup
1780379.NCBI|CVH75387.1	Outgroup
1735.NCBI|WP_195234184.1	Outgroup
518637.EUBIFOR_01596	Outgroup
2293074.NCBI|WP_118306072.1	Outgroup
2643636.NCBI|WP_129982307.1	Outgroup
2606629.NCBI|WP_154461358.1	Outgroup
2292893.NCBI|RHS99699.1	Outgroup
2486576.NCBI|WP_128520691.1	Outgroup
2290870.NCBI|MBD0859357.1	Outgroup
2161814.NCBI|WP_108775081.1	Outgroup
2049044.NCBI|MBR5340384.1	Outgroup
2806552.NCBI|WP_203245759.1	Outgroup
679192.HMPREF9013_0861	Outgroup
2041840.NCBI|WP_102342609.1	Outgroup
1971758.NCBI|MBP3869474.1	Outgroup
1879010.NCBI|MBQ0064131.1	Outgroup
2049044.NCBI|HBZ50882.1	Outgroup
1410674.JNKU01000001_gene218	Outgroup
2487118.NCBI|WP_125118256.1	Outgroup
2049044.NCBI|MBQ1877235.1	Outgroup
2049044.NCBI|MBQ6492417.1	Outgroup
2049044.NCBI|MBR4471923.1	Outgroup
1903720.NCBI|MBQ6817429.1	Outgroup
2049044.NCBI|MBQ9425017.1	Outgroup
2049044.NCBI|MBE6126123.1	Outgroup
2060878.NCBI|MBR2810650.1	Outgroup
2060878.NCBI|MBQ6489752.1	Outgroup
2049044.NCBI|MBE6115480.1	Outgroup
2049044.NCBI|MBQ3374927.1	Outgroup
1879010.NCBI|MBQ0036256.1	Outgroup
2049044.NCBI|MBR0475079.1	Outgroup
1903720.NCBI|MBO7614441.1	Outgroup
1896987.NCBI|OKZ91087.1	Outgroup
1852919.NCBI|OQB61976.1	Outgroup
1869227.NCBI|MBR4237654.1	Outgroup
1903720.NCBI|MBP5407899.1	Outgroup
1903720.NCBI|MBR3891603.1	Outgroup
2044939.NCBI|MBQ7351368.1	Outgroup
1898207.NCBI|MBE5757451.1	Outgroup
1898207.NCBI|MBE5735573.1	Outgroup
2044939.NCBI|MBQ4558160.1	Outgroup
1898207.NCBI|MBE5736045.1	Outgroup
1898207.NCBI|MBE5738682.1	Outgroup
1898207.NCBI|HBP43949.1	Outgroup
2044939.NCBI|MBR2467967.1	Outgroup
2044939.NCBI|MBQ2864700.1	Outgroup
2044939.NCBI|MBQ9791812.1	Outgroup
2044939.NCBI|MBR1925591.1	Outgroup
2044939.NCBI|MBR4270248.1	Outgroup
2044939.NCBI|MBQ7308467.1	Outgroup
1903720.NCBI|MBO5414874.1	Outgroup
1903720.NCBI|MBP3460843.1	Outgroup
1262793.NCBI|CDB91474.1	Outgroup
1903720.NCBI|MBQ8192783.1	Outgroup
1903720.NCBI|MBP8688280.1	Outgroup
1262809.NCBI|CDE73361.1	Outgroup
1869227.NCBI|MBD9098692.1	Outgroup
1262990.NCBI|CCY93545.1	Outgroup
1903720.NCBI|MBR1385296.1	Outgroup
1903720.NCBI|MBR3490001.1	Outgroup
1903720.NCBI|MBO5375474.1	Outgroup
1903720.NCBI|MBP3766134.1	Outgroup
1903720.NCBI|MBR1717846.1	Outgroup
1262827.NCBI|CDF21064.1	Outgroup
1879010.NCBI|MBS5806774.1	Outgroup
1869227.NCBI|MBD9106861.1	Outgroup
1879010.NCBI|MBS5862498.1	Outgroup
2840878.NCBI|HIU12379.1	Outgroup
1869227.NCBI|MBD8922007.1	Outgroup
1879010.NCBI|MBE6144477.1	Outgroup
2840877.NCBI|HIS12315.1	Outgroup
2840711.NCBI|HIS87414.1	Outgroup
1262906.NCBI|CDF11519.1	Outgroup
1879010.NCBI|MBE6154414.1	Outgroup
1903720.NCBI|MBQ6323414.1	Outgroup
1903720.NCBI|MBR5370115.1	Outgroup
1903720.NCBI|MBQ6135592.1	Outgroup
1903720.NCBI|MBR3210521.1	Outgroup
1903720.NCBI|MBQ8535077.1	Outgroup
1903720.NCBI|MBR1936198.1	Outgroup
1903720.NCBI|MBR6948969.1	Outgroup
1903720.NCBI|MBQ8131509.1	Outgroup
1903720.NCBI|MBQ2909742.1	Outgroup
1903720.NCBI|MBQ6476973.1	Outgroup
1903720.NCBI|MBQ1551734.1	Outgroup
1903720.NCBI|MBQ6538895.1	Outgroup
2840796.NCBI|HIT23990.1	Outgroup
1903720.NCBI|MBR2245954.1	Outgroup
1879010.NCBI|MBE6157260.1	Outgroup
1262837.NCBI|CCZ56714.1	Outgroup
1903720.NCBI|MBQ6546562.1	Outgroup
1903720.NCBI|MBQ6285723.1	Outgroup
1262817.NCBI|CDA60360.1	Outgroup
1262768.NCBI|CCX36034.1	Outgroup
1903720.NCBI|MBQ7789917.1	Outgroup
1903720.NCBI|MBR4178321.1	Outgroup
2231116.NCBI|NLC47887.1	Outgroup
1903720.NCBI|MBR2138722.1	Outgroup
1262829.NCBI|CDE99280.1	Outgroup
1879010.NCBI|HBP13247.1	Outgroup
2840887.NCBI|HIT38158.1	Outgroup
2840885.NCBI|HIS39055.1	Outgroup
1879010.NCBI|HCY43934.1	Outgroup
1262908.NCBI|CCY88653.1	Outgroup
1262904.NCBI|CDE38053.1	Outgroup
1262905.NCBI|CDA23067.1	Outgroup
1903720.NCBI|MBR3116440.1	Outgroup
1903720.NCBI|MBQ1496359.1	Outgroup
1879010.NCBI|MBE6159361.1	Outgroup
1903720.NCBI|MBR1416239.1	Outgroup
1903720.NCBI|MBP3799890.1	Outgroup
1903720.NCBI|MBR4619056.1	Outgroup
1903720.NCBI|MBP3841299.1	Outgroup
1262804.NCBI|CDC61009.1	Outgroup
1903720.NCBI|MBO5138600.1	Outgroup
1903720.NCBI|MBP3920527.1	Outgroup
1903720.NCBI|MBO4601373.1	Outgroup
1879010.NCBI|MBE6160975.1	Outgroup
1903720.NCBI|MBR3523686.1	Outgroup
1903720.NCBI|MBR3161520.1	Outgroup
1903720.NCBI|MBQ9013960.1	Outgroup
1903720.NCBI|MBR4262133.1	Outgroup
1903720.NCBI|MBQ7105600.1	Outgroup
1869227.NCBI|MBD9085133.1	Outgroup
1262833.NCBI|CCZ59791.1	Outgroup
1903720.NCBI|MBQ9834126.1	Outgroup
1903720.NCBI|MBQ8681342.1	Outgroup
2840801.NCBI|HIS91209.1	Outgroup
1879010.NCBI|MBE6149550.1	Outgroup
2840886.NCBI|HIT10425.1	Outgroup
1903720.NCBI|MBQ9014325.1	Outgroup
2840670.NCBI|HIU40915.1	Outgroup
1262826.NCBI|CDA79885.1	Outgroup
2840755.NCBI|HIS18845.1	Outgroup
1879010.NCBI|HAB67549.1	Outgroup
1903720.NCBI|MBQ4032235.1	Outgroup
1879010.NCBI|MBE6145672.1	Outgroup
1879010.NCBI|PWL69910.1	Outgroup
1879010.NCBI|MBE6147211.1	Outgroup
525309.HMPREF0494_2001	Outgroup
1879010.NCBI|MBE6152452.1	Outgroup
1879010.NCBI|MBE6138576.1	Outgroup
1869227.NCBI|MBD9104896.1	Outgroup
1903720.NCBI|MBQ2409056.1	Outgroup
1903720.NCBI|MBR1413487.1	Outgroup
1903720.NCBI|MBQ6494667.1	Outgroup
1903720.NCBI|MBQ9318190.1	Outgroup
1903720.NCBI|MBQ8872306.1	Outgroup
1879010.NCBI|MBE6153082.1	Outgroup
37628.NCBI|HHT38731.1	Outgroup
1903720.NCBI|MBQ7140539.1	Outgroup
2044939.NCBI|MBR2704474.1	Outgroup
1506.NCBI|MBS5785009.1	Outgroup
2044939.NCBI|MBR3280529.1	Outgroup
1903720.NCBI|MBR4672659.1	Outgroup
1879010.NCBI|HAB67663.1	Outgroup
1618345.NCBI|KKQ94856.1	Outgroup
2044939.NCBI|MBR4003498.1	Outgroup
2044939.NCBI|MBQ3047489.1	Outgroup
2044939.NCBI|MBQ3214285.1	Outgroup
2044939.NCBI|NCB48861.1	Outgroup
1261635.NCBI|WP_075681187.1	Outgroup
1898207.NCBI|MBE5821509.1	Outgroup
2840796.NCBI|HIT23283.1	Outgroup
1797681.NCBI|OGO84825.1	Outgroup
1898207.NCBI|MBE5812036.1	Outgroup
2044939.NCBI|MBQ4541870.1	Outgroup
1898207.NCBI|MBE5735052.1	Outgroup
1917697.NCBI|RKW04233.1	Outgroup
2026720.NCBI|MBO7718354.1	Outgroup
1898207.NCBI|HBJ12816.1	Outgroup
1903720.NCBI|MBQ6841544.1	Outgroup
1903720.NCBI|MBR2711734.1	Outgroup
2026720.NCBI|MBQ2695451.1	Outgroup
1913988.NCBI|MBQ6109890.1	Outgroup
1879010.NCBI|HBA37713.1	Outgroup
2052139.NCBI|TAL49871.1	Outgroup
2099670.NCBI|MBP6976524.1	Outgroup
2026773.NCBI|MBI2044262.1	Outgroup
1906665.NCBI|MAG77885.1	Outgroup
1974524.NCBI|PIP50585.1	Outgroup
2026773.NCBI|MBI3623755.1	Outgroup
2026803.NCBI|MBS3144793.1	Outgroup
2026803.NCBI|MBI4154443.1	Outgroup
2026749.NCBI|MBI3259238.1	Outgroup
1802615.NCBI|OGC46110.1	Outgroup
2053652.NCBI|MBI2086678.1	Outgroup
2017179.NCBI|TSC81944.1	Outgroup
1798329.NCBI|OGF65116.1	Outgroup
1798481.NCBI|OGG49253.1	Outgroup
2030810.NCBI|MBI4087078.1	Outgroup
2026764.NCBI|MBU1199099.1	Outgroup
2026764.NCBI|MBU0907424.1	Outgroup
1974463.NCBI|PIN75276.1	Outgroup
1817723.NCBI|OGD70751.1	Outgroup
1618985.NCBI|KKR86311.1	Outgroup
1618698.NCBI|KKQ46030.1	Outgroup
1869227.NCBI|QQR93302.1	Outgroup
2052139.NCBI|MBU0981060.1	Outgroup
2053589.NCBI|MBL7156425.1	Outgroup
2093792.NCBI|MBM3303839.1	Outgroup
1975042.NCBI|PIR46524.1	Outgroup
1618808.NCBI|KKP92163.1	Outgroup
1906665.NCBI|NOR84782.1	Outgroup
2026764.NCBI|MBU4246323.1	Outgroup
2026803.NCBI|MBN2051956.1	Outgroup
2250274.NCBI|MBI1973252.1	Outgroup
2026803.NCBI|MBN1793272.1	Outgroup
2026720.NCBI|MBI2009507.1	Outgroup
2026720.NCBI|MBP9667639.1	Outgroup
1619090.NCBI|KKP90091.1	Outgroup
1618550.NCBI|KKR11556.1	Outgroup
2052184.NCBI|NWF54419.1	Outgroup
2282145.NCBI|MBI3379860.1	Outgroup
1797298.NCBI|OGD33794.1	Outgroup
1913989.NCBI|NND65234.1	Outgroup
2026804.NCBI|MBI2103480.1	Outgroup
2053634.NCBI|MBI5370383.1	Outgroup
2099670.NCBI|MBD3329885.1	Outgroup
1802480.NCBI|OGM11392.1	Outgroup
2044937.NCBI|PIE36123.1	Outgroup
2607830.NCBI|NEO11756.1	Outgroup
2692830.NCBI|WP_192217043.1	Outgroup
1898207.NCBI|MBE5820091.1	Outgroup
2049031.NCBI|MBO4998903.1	Outgroup
66378.NCBI|WP_157857473.1	Outgroup
1974863.NCBI|PIP14720.1	Outgroup
1798380.NCBI|OGG14900.1	Outgroup
2282145.NCBI|MBI2617740.1	Outgroup
1618528.NCBI|KKU29319.1	Outgroup
1974759.NCBI|PIY80672.1	Outgroup
1802471.NCBI|OGM01884.1	Outgroup
2053557.NCBI|MBI4059498.1	Outgroup
1802502.NCBI|OGM29951.1	Outgroup
2026804.NCBI|MBI3443058.1	Outgroup
2052139.NCBI|MBU6370887.1	Outgroup
2053650.NCBI|NTV22469.1	Outgroup
2026804.NCBI|TEU02712.1	Outgroup
2052139.NCBI|MBU0572220.1	Outgroup
1802502.NCBI|OGM30563.1	Outgroup
1802643.NCBI|OGC68284.1	Outgroup
2026803.NCBI|MBI2573460.1	Outgroup
2099670.NCBI|MBN1618401.1	Outgroup
2056317.NCBI|KAF5420822.1	Outgroup
2093792.NCBI|MBD3155813.1	Outgroup
2093792.NCBI|NCO96878.1	Outgroup
2026764.NCBI|MBU4246499.1	Outgroup
2026735.NCBI|MBM4338715.1	Outgroup
1977087.NCBI|NIO05956.1	Outgroup
2017210.NCBI|TSC87693.1	Outgroup
2005723.NCBI|GBE17051.1	Outgroup
2040625.NCBI|TVM02894.1	Outgroup
2282145.NCBI|MBI3577557.1	Outgroup
1798374.NCBI|OGG04133.1	Outgroup
2282145.NCBI|MBI5621037.1	Outgroup
1618587.NCBI|KKP38938.1	Outgroup
2052139.NCBI|MBU0976223.1	Outgroup
1802033.NCBI|OGK21958.1	Outgroup
1798373.NCBI|OGG08617.1	Outgroup
2052139.NCBI|MBU0976222.1	Outgroup
2052139.NCBI|MBU3935753.1	Outgroup
2093792.NCBI|MBI2675895.1	Outgroup
115547.NCBI|VVB60386.1	Outgroup
2026720.NCBI|PID30999.1	Outgroup
2053634.NCBI|MBI4599815.1	Outgroup
2044595.NCBI|NUJ97909.1	Outgroup
1802030.NCBI|OGK16171.1	Outgroup
1797681.NCBI|OGO84679.1	Outgroup
2093792.NCBI|MBI2578883.1	Outgroup
235931.NCBI|WP_073269417.1	Outgroup
445971.ANASTE_01480	Outgroup
209080.NCBI|WP_149733567.1	Outgroup
1380386.JIAW01000005_gene1700	Outgroup
1209984.BN978_06463	Outgroup
710685.MycrhN_4788	Outgroup
83332.Rv0303	Outgroup
43354.JOIJ01000024_gene593	Outgroup
700508.D174_20295	Outgroup
710687.KI912270_gene848	Outgroup
710686.Mycsm_03234	Outgroup
292564.Cyagr_0027	Outgroup
74547.PMT_1218	Outgroup
166314.Syncc8109_1964	Outgroup
202698.XP_007387176.1	Outgroup
28583.AMAG_11883T0	Outgroup
1206744.BAGL01000063_gene4744	Outgroup
1206737.BAGF01000035_gene1940	Outgroup
468556.AQYG01000028_gene426	Outgroup
471853.Bcav_3108	Outgroup
318829.MGG_00402T0	Outgroup
43229.XP_007721238.1	Outgroup
1206739.BAGJ01000089_gene1004	Outgroup
36809.MAB_0717	Outgroup
1248916.ANFY01000007_gene2432	Outgroup
1306990.BARG01000030_gene3326	Outgroup
1206726.BAFV01000022_gene1729	Outgroup
1056816.JAFQ01000004_gene510	Outgroup
1122138.AQUZ01000079_gene5630	Outgroup
35754.JNYJ01000103_gene7759	Outgroup
1385521.N803_01740	Outgroup
67267.JNXT01000004_gene4842	Outgroup
136993.KB900627_gene497	Outgroup
1223545.GS4_32_00430	Outgroup
1404245.CGLY_05745	Outgroup
1869.MB27_37735	Outgroup
1828.JOKB01000065_gene4389	Outgroup
72228.T5A8W6	Outgroup
63577.G9NXM9	Outgroup
73501.XP_006665810.1	Outgroup
1150864.MILUP08_42796	Outgroup
1206729.BAFZ01000032_gene807	Outgroup
1463917.JODC01000008_gene3565	Outgroup
446462.Amir_2378	Outgroup
285535.JOEY01000046_gene2048	Outgroup
1206732.BAGD01000071_gene2784	Outgroup
1068978.AMETH_1227	Outgroup
1206743.BAGM01000082_gene4174	Outgroup
1120949.KB903295_gene2414	Outgroup
337191.KTR9_0597	Outgroup
1386969.AWTB01000113_gene527	Outgroup
1206720.BAFQ01000116_gene2850	Outgroup
1415780.JPOG01000001_gene2258	Outgroup
3983.cassava4.1_015717m	Outgroup
1123279.ATUS01000001_gene2566	Outgroup
864564.HMPREF0620_0277	Outgroup
575605.ACQN01000049_gene1491	Outgroup
1056495.Calag_1030	Outgroup
272557.APE_2503.1	Outgroup
415426.Hbut_1555	Outgroup
399550.Smar_0677	Outgroup
2026887.NCBI|HDH00918.1	Outgroup
1352941.M877_37955	Outgroup
222534.KB893713_gene2366	Outgroup
621372.ACIH01000077_gene1874	Outgroup
266264.Rmet_4327	Outgroup
224308.BSU32910	Outgroup
1975083.NCBI|PIU69129.1	Outgroup
1974650.NCBI|PIT86752.1	Outgroup
1906665.NCBI|MBT7706686.1	Outgroup
479437.Elen_0359	Outgroup
2169412.NCBI|PYP89478.1	Outgroup
2250274.NCBI|MBS3070557.1	Outgroup
2250274.NCBI|HIH20786.1	Outgroup
1802397.NCBI|OGL77948.1	Outgroup
1852933.NCBI|OQA92971.1	Outgroup
1380390.JIAT01000012_gene3076	Outgroup
994479.GL877882_gene7070	Outgroup
2053306.NCBI|MBK8983087.1	Outgroup
1898104.NCBI|MBS1518205.1	Outgroup
2053306.NCBI|MBV6479727.1	Outgroup
2053306.NCBI|MBL8006113.1	Outgroup
2053306.NCBI|MBK8382524.1	Outgroup
2053306.NCBI|MBK8553515.1	Outgroup
2053306.NCBI|MBP9192004.1	Outgroup
2053306.NCBI|MBK6504305.1	Outgroup
2053306.NCBI|HGW00334.1	Outgroup
2026749.NCBI|MBI5401994.1	Outgroup
2053306.NCBI|MBL7129678.1	Outgroup
1898104.NCBI|MBS1495230.1	Outgroup
2053306.NCBI|MBM4167021.1	Outgroup
2049428.NCBI|MBS4029593.1	Outgroup
2053306.NCBI|TLY33757.1	Outgroup
2053306.NCBI|MBI1807274.1	Outgroup
2026749.NCBI|MBI5214169.1	Outgroup
2049428.NCBI|MBI4810419.1	Outgroup
2067991.NCBI|MBA4311377.1	Outgroup
2049428.NCBI|MBI5020988.1	Outgroup
2049428.NCBI|MBI5476235.1	Outgroup
2026749.NCBI|RCK76657.1	Outgroup
1898104.NCBI|MBU1297759.1	Outgroup
1869227.NCBI|NUN44412.1	Outgroup
1869227.NCBI|MBL7958607.1	Outgroup
2268186.NCBI|HHD65079.1	Outgroup
1633631.NCBI|WP_047134526.1	Outgroup
2026887.NCBI|MBI3593335.1	Outgroup
2026887.NCBI|MBI1821282.1	Outgroup
2172550.NCBI|MBN1348645.1	Outgroup
2528274.NCBI|MBI2876099.1	Outgroup
1978231.NCBI|MBE21204.1	Outgroup
1978231.NCBI|PYU84462.1	Outgroup
1978231.NCBI|PYT47777.1	Outgroup
1978231.NCBI|PYU69800.1	Outgroup
1978231.NCBI|MBS1841985.1	Outgroup
1978231.NCBI|PYT99615.1	Outgroup
1978231.NCBI|PYT68192.1	Outgroup
1978231.NCBI|PYU13186.1	Outgroup
1978231.NCBI|PYT50882.1	Outgroup
1978231.NCBI|PYT50939.1	Outgroup
1803427.NCBI|OLE86658.1	Outgroup
1978231.NCBI|PYU36090.1	Outgroup
1978231.NCBI|HET74906.1	Outgroup
1872113.NCBI|NDQ58797.1	Outgroup
1978231.NCBI|HEU44553.1	Outgroup
1978231.NCBI|MBI2956143.1	Outgroup
1978231.NCBI|MBI3661594.1	Outgroup
1978231.NCBI|PYU34984.1	Outgroup
1978231.NCBI|TAM82777.1	Outgroup
1978231.NCBI|HHR97643.1	Outgroup
1978231.NCBI|PYV33437.1	Outgroup
1978231.NCBI|PYV26983.1	Outgroup
1978231.NCBI|PYV27215.1	Outgroup
1978231.NCBI|MBI4165587.1	Outgroup
2419984.NCBI|MBI5376975.1	Outgroup
2419984.NCBI|RMF93265.1	Outgroup
1817881.NCBI|OGL53154.1	Outgroup
1817880.NCBI|OGL46649.1	Outgroup
2268198.NCBI|NIM44854.1	Outgroup
2026764.NCBI|MBU1136266.1	Outgroup
2093360.NCBI|RJP19174.1	Outgroup
2569760.NCBI|TMI84601.1	Outgroup
2569760.NCBI|TMJ09985.1	Outgroup
2569760.NCBI|TMI91618.1	Outgroup
2026724.NCBI|MBI4497154.1	Outgroup
1879010.NCBI|HDY60879.1	Outgroup
2052143.NCBI|HID87508.1	Outgroup
2026724.NCBI|MBI3287469.1	Outgroup
2026724.NCBI|MYB77107.1	Outgroup
2026734.NCBI|HDX57256.1	Outgroup
1640515.NCBI|KRT77557.1	Outgroup
1879010.NCBI|HEL67422.1	Outgroup
1879010.NCBI|HEQ01360.1	Outgroup
2569760.NCBI|TMJ07563.1	Outgroup
1879010.NCBI|HEL21158.1	Outgroup
1879010.NCBI|HER92840.1	Outgroup
1879010.NCBI|HEV40615.1	Outgroup
1879010.NCBI|HEG32651.1	Outgroup
1879010.NCBI|HEI07188.1	Outgroup
2569760.NCBI|TMJ08043.1	Outgroup
2033014.NCBI|MBM3461548.1	Outgroup
2026724.NCBI|MBI3966985.1	Outgroup
2747605.NCBI|MBU7031256.1	Outgroup
1703388.NCBI|KPL21178.1	Outgroup
2073117.NCBI|MBN1452899.1	Outgroup
1803813.NCBI|KYK38846.1	Outgroup
2026795.NCBI|MBI2936993.1	Outgroup
1869227.NCBI|MBO9539237.1	Outgroup
2762020.NCBI|MBM3267876.1	Outgroup
2026724.NCBI|MBI2953876.1	Outgroup
1194165.CAJF01000036_gene1691	Outgroup
1283299.AUKG01000002_gene4514	Outgroup
543632.JOJL01000022_gene803	Outgroup
1670455.NCBI|WP_126449358.1	Outgroup
2053489.NCBI|MBN2151177.1	Outgroup
2026714.NCBI|MBD3187882.1	Outgroup
2026714.NCBI|HGD16963.1	Outgroup
2706883.NCBI|WP_163039144.1	Outgroup
2026786.NCBI|MBT7779586.1	Outgroup
1913989.NCBI|NIS07081.1	Outgroup
2026796.NCBI|MBS36110.1	Outgroup
2762760.NCBI|WP_193370562.1	Outgroup
1869227.NCBI|HGH08527.1	Outgroup
1122605.KB893625_gene1977	Outgroup
